customer_id,customer_name,plan_type,industry,country,first_purchase_date,tenure_days,mrr,arr,days_inactive,open_support_tickets,plan_downgrades,nps_score,logins_last_30d,features_used,churn_flag,churn_reason,churn_risk_score,risk_band
CUST0001,Company_1,Free,Education,Canada,2023-10-17,274,0,0,28,2,0,7,4,1,0,,26.4,LOW
CUST0002,Company_2,Professional,Manufacturing,UK,2022-04-25,189,287,3444,25,3,0,10,17,9,0,,32.1,LOW
CUST0003,Company_3,Free,Media,Australia,2022-01-26,601,0,0,52,2,0,3,2,1,0,,37.1,MEDIUM
CUST0004,Company_4,Free,Finance,Canada,2022-10-09,278,0,0,64,0,0,8,5,1,0,,28.4,HIGH
CUST0005,Company_5,Free,Education,UK,2022-09-08,46,0,0,118,2,0,8,2,2,1,Switched to competitor,66.4,HIGH
CUST0006,Company_6,Free,Finance,USA,2022-08-17,118,0,0,25,1,0,7,2,2,0,,18.1,LOW
CUST0007,Company_7,Enterprise,Media,Germany,2022-05-23,617,997,11964,26,3,0,9,30,8,0,,32.6,LOW
CUST0008,Company_8,Starter,SaaS,UK,2022-04-15,451,82,984,22,0,1,4,6,3,0,,18.1,LOW
CUST0009,Company_9,Professional,Manufacturing,Germany,2023-11-24,360,290,3480,3,1,0,7,14,12,0,,8.3,LOW
CUST0010,Company_10,Free,Retail,Canada,2023-07-13,753,0,0,70,2,0,6,2,1,0,,45.1,HIGH
CUST0011,Company_11,Free,Healthcare,UK,2022-03-31,812,0,0,116,2,0,4,2,3,1,Poor support,65.6,HIGH
CUST0012,Company_12,Free,SaaS,Germany,2023-08-28,328,0,0,119,0,0,8,2,3,0,,52.9,HIGH
CUST0013,Company_13,Starter,Manufacturing,Singapore,2023-03-09,453,146,1752,20,2,1,7,13,5,0,,31.2,LOW
CUST0014,Company_14,Free,Media,India,2022-02-02,627,0,0,69,1,0,4,3,4,1,Poor support,37.7,HIGH
CUST0015,Company_15,Enterprise,Healthcare,India,2022-01-31,530,1006,12072,11,2,0,6,23,7,0,,18.9,LOW
CUST0016,Company_16,Free,Retail,USA,2022-04-06,125,0,0,75,2,0,4,4,3,1,Missing features,47.3,HIGH
CUST0017,Company_17,Professional,Manufacturing,India,2022-08-12,401,327,3924,21,0,0,7,14,8,0,,9.3,LOW
CUST0018,Company_18,Free,Healthcare,India,2022-08-27,597,0,0,77,2,0,8,3,2,1,Other,48.2,HIGH
CUST0019,Company_19,Free,Education,Singapore,2023-06-02,201,0,0,108,1,0,5,3,1,1,Switched to competitor,55.0,HIGH
CUST0020,Company_20,Starter,Education,India,2023-09-09,267,132,1584,50,4,1,6,12,2,1,Poor support,58.6,MEDIUM
CUST0021,Company_21,Starter,Education,Singapore,2022-01-28,52,137,1644,14,3,1,8,14,7,0,,35.6,LOW
CUST0022,Company_22,Professional,Finance,USA,2023-07-29,732,322,3864,44,1,0,6,24,11,0,,26.6,MEDIUM
CUST0023,Company_23,Free,Education,UK,2022-07-23,453,0,0,24,0,0,3,1,3,0,,10.7,LOW
CUST0024,Company_24,Professional,Media,Canada,2023-10-28,8,299,3588,24,3,2,5,24,6,0,,48.3,LOW
CUST0025,Company_25,Enterprise,SaaS,Singapore,2023-12-20,539,1026,12312,21,3,0,8,21,13,0,,30.3,LOW
CUST0026,Company_26,Free,Retail,Canada,2023-07-13,832,0,0,117,0,0,7,1,3,1,Other,52.0,HIGH
CUST0027,Company_27,Free,Finance,Singapore,2023-03-06,558,0,0,70,1,0,8,2,2,1,Poor support,38.1,HIGH
CUST0028,Company_28,Starter,Education,Germany,2022-08-14,710,118,1416,19,0,0,7,10,5,0,,8.4,LOW
CUST0029,Company_29,Starter,Finance,Germany,2023-04-05,743,120,1440,76,0,1,6,13,5,0,,42.1,HIGH
CUST0030,Company_30,Starter,Retail,Australia,2023-08-27,766,89,1068,32,4,1,9,9,3,1,Price too high,50.6,MEDIUM
CUST0031,Company_31,Starter,SaaS,India,2022-10-12,761,85,1020,20,1,0,7,4,7,0,,15.9,LOW
CUST0032,Company_32,Professional,Education,Germany,2022-01-07,693,298,3576,29,0,2,7,16,5,0,,29.6,LOW
CUST0033,Company_33,Starter,Media,USA,2022-06-13,208,99,1188,75,4,1,6,15,3,0,,69.7,HIGH
CUST0034,Company_34,Enterprise,Healthcare,USA,2023-12-16,379,985,11820,22,1,0,8,26,9,0,,16.8,LOW
CUST0035,Company_35,Free,Manufacturing,Singapore,2023-03-09,448,0,0,35,0,0,4,1,4,0,,15.6,MEDIUM
CUST0036,Company_36,Starter,Healthcare,USA,2022-12-15,78,89,1068,8,2,1,7,14,6,0,,25.9,LOW
CUST0037,Company_37,Starter,Education,USA,2022-10-12,687,113,1356,21,4,0,4,6,5,0,,37.3,LOW
CUST0038,Company_38,Starter,Finance,UK,2022-06-09,345,135,1620,66,4,1,7,15,6,1,Price too high,65.7,HIGH
CUST0039,Company_39,Free,Manufacturing,Germany,2022-08-09,645,0,0,29,0,0,5,5,1,0,,12.9,LOW
CUST0040,Company_40,Enterprise,Retail,Germany,2022-12-11,328,1033,12396,14,3,0,10,21,8,0,,27.2,LOW
CUST0041,Company_41,Free,Media,USA,2022-04-15,686,0,0,119,2,0,8,4,2,1,Business closed,66.9,HIGH
CUST0042,Company_42,Professional,Healthcare,India,2022-04-05,875,341,4092,50,1,1,9,6,5,0,,37.6,MEDIUM
CUST0043,Company_43,Starter,Finance,UK,2023-01-25,134,135,1620,71,1,1,5,4,4,0,,46.9,HIGH
CUST0044,Company_44,Free,SaaS,Germany,2022-04-10,744,0,0,110,0,0,5,4,3,1,Poor support,48.9,HIGH
CUST0045,Company_45,Free,Retail,Germany,2023-01-03,314,0,0,30,1,0,4,5,3,1,Other,20.3,LOW
CUST0046,Company_46,Free,Healthcare,Singapore,2022-12-19,526,0,0,36,2,0,5,4,1,1,Missing features,30.0,MEDIUM
CUST0047,Company_47,Starter,Healthcare,Australia,2023-09-11,323,132,1584,69,1,0,5,12,6,0,,37.7,HIGH
CUST0048,Company_48,Free,Healthcare,Canada,2022-09-28,689,0,0,112,2,0,5,4,1,1,Missing features,63.8,HIGH
CUST0049,Company_49,Starter,Finance,India,2022-02-14,425,113,1356,8,0,0,9,14,6,0,,3.6,LOW
CUST0050,Company_50,Professional,SaaS,Australia,2023-04-16,341,306,3672,17,5,0,9,18,4,0,,42.6,LOW
CUST0051,Company_51,Starter,Healthcare,India,2023-07-04,419,144,1728,68,4,1,9,6,5,1,Switched to competitor,66.6,HIGH
CUST0052,Company_52,Free,Retail,Canada,2022-05-08,720,0,0,51,2,0,6,2,4,0,,36.7,MEDIUM
CUST0053,Company_53,Free,Healthcare,UK,2023-01-23,309,0,0,29,2,0,3,1,4,0,,26.9,LOW
CUST0054,Company_54,Free,Manufacturing,Canada,2022-03-22,574,0,0,73,1,0,6,1,3,0,,39.4,HIGH
CUST0055,Company_55,Professional,Retail,Singapore,2023-07-20,137,293,3516,39,1,1,10,15,9,0,,32.7,MEDIUM
CUST0056,Company_56,Free,Healthcare,UK,2022-10-28,203,0,0,71,0,0,5,4,1,1,Switched to competitor,31.6,HIGH
CUST0057,Company_57,Free,Finance,Singapore,2023-10-06,437,0,0,60,0,0,6,0,3,1,Poor support,26.7,MEDIUM
CUST0058,Company_58,Free,Healthcare,Germany,2023-09-26,687,0,0,77,0,0,4,0,1,1,Switched to competitor,34.2,HIGH
CUST0059,Company_59,Professional,Retail,Singapore,2023-01-06,395,323,3876,19,3,2,8,12,6,0,,46.1,LOW
CUST0060,Company_60,Starter,Finance,India,2023-08-15,700,134,1608,46,4,1,5,14,3,1,Poor support,56.8,MEDIUM
CUST0061,Company_61,Professional,Manufacturing,Canada,2022-07-16,773,293,3516,32,4,1,8,14,11,1,Other,50.6,MEDIUM
CUST0062,Company_62,Free,Education,Canada,2023-12-23,185,0,0,22,0,0,6,4,4,0,,9.8,LOW
CUST0063,Company_63,Free,Media,Canada,2022-03-13,637,0,0,50,0,0,7,2,1,0,,22.2,MEDIUM
CUST0064,Company_64,Free,Media,Singapore,2022-02-16,589,0,0,26,1,0,6,4,4,0,,18.6,LOW
CUST0065,Company_65,Free,Healthcare,Australia,2023-11-09,315,0,0,56,2,0,3,0,4,1,Other,38.9,MEDIUM
CUST0066,Company_66,Free,Retail,Australia,2022-08-22,422,0,0,37,1,0,8,2,4,0,,23.4,MEDIUM
CUST0067,Company_67,Free,Finance,India,2022-10-24,568,0,0,66,0,0,6,0,2,0,,29.3,HIGH
CUST0068,Company_68,Free,Manufacturing,Germany,2022-03-23,860,0,0,66,2,0,5,0,4,0,,43.3,HIGH
CUST0069,Company_69,Professional,Retail,UK,2022-08-27,7,315,3780,33,3,2,7,24,5,1,Other,52.3,MEDIUM
CUST0070,Company_70,Starter,Education,Germany,2022-04-14,318,141,1692,21,0,1,6,14,4,1,Poor support,17.7,LOW
CUST0071,Company_71,Professional,Manufacturing,UK,2023-01-25,300,346,4152,36,2,0,6,24,12,0,,30.0,MEDIUM
CUST0072,Company_72,Enterprise,Finance,Australia,2022-10-12,222,1018,12216,12,0,0,6,11,8,0,,5.3,LOW
CUST0073,Company_73,Starter,Finance,USA,2023-04-10,447,84,1008,47,3,1,5,11,6,0,,50.2,MEDIUM
CUST0074,Company_74,Starter,Healthcare,Australia,2023-10-13,811,107,1284,22,2,1,5,8,6,0,,32.1,LOW
CUST0075,Company_75,Free,Education,Singapore,2023-01-09,600,0,0,114,1,0,7,2,4,1,Business closed,57.7,HIGH
CUST0076,Company_76,Starter,Retail,Singapore,2022-06-16,628,129,1548,77,2,1,4,7,4,1,Switched to competitor,56.6,HIGH
CUST0077,Company_77,Free,Finance,Canada,2023-01-15,677,0,0,106,0,0,6,4,3,1,Other,47.1,HIGH
CUST0078,Company_78,Starter,Finance,Australia,2022-12-30,336,86,1032,8,4,1,6,12,6,0,,39.9,LOW
CUST0079,Company_79,Starter,Manufacturing,India,2022-08-03,483,79,948,78,1,0,8,9,3,0,,41.7,HIGH
CUST0080,Company_80,Starter,Finance,Germany,2023-11-18,459,105,1260,72,4,1,5,15,7,1,Poor support,68.3,HIGH
CUST0081,Company_81,Professional,Healthcare,Canada,2022-10-01,459,317,3804,16,0,2,10,8,7,0,,23.8,LOW
CUST0082,Company_82,Professional,Retail,USA,2023-12-20,698,306,3672,2,3,1,8,9,10,0,,30.2,LOW
CUST0083,Company_83,Starter,Finance,UK,2023-12-01,225,96,1152,31,3,1,9,13,2,0,,43.1,MEDIUM
CUST0084,Company_84,Free,Retail,Germany,2023-10-26,530,0,0,110,0,0,7,1,3,1,Poor support,48.9,HIGH
CUST0085,Company_85,Free,Education,Canada,2022-03-15,491,0,0,104,1,0,7,3,3,0,,53.2,HIGH
CUST0086,Company_86,Professional,Retail,Germany,2023-09-16,819,311,3732,12,3,2,7,22,9,0,,43.0,LOW
CUST0087,Company_87,Professional,Manufacturing,USA,2023-10-13,822,316,3792,44,5,2,10,13,11,0,,71.2,MEDIUM
CUST0088,Company_88,Starter,Media,UK,2022-06-25,760,120,1440,29,1,1,8,6,3,1,Poor support,28.2,LOW
CUST0089,Company_89,Free,Retail,Germany,2023-07-01,180,0,0,58,1,0,8,1,4,0,,32.8,MEDIUM
CUST0090,Company_90,Professional,Manufacturing,Australia,2022-09-08,681,294,3528,21,3,1,9,13,8,0,,38.7,LOW
CUST0091,Company_91,Professional,Retail,Canada,2022-06-17,93,279,3348,8,4,2,9,17,10,0,,48.2,LOW
CUST0092,Company_92,Starter,Retail,Germany,2023-04-19,297,142,1704,49,1,1,4,6,7,0,,37.1,MEDIUM
CUST0093,Company_93,Professional,Retail,USA,2023-01-24,534,334,4008,6,2,1,10,13,11,0,,25.0,LOW
CUST0094,Company_94,Free,Retail,UK,2022-10-04,686,0,0,47,0,0,7,2,3,0,,20.9,MEDIUM
CUST0095,Company_95,Starter,Manufacturing,Germany,2023-10-18,655,101,1212,22,0,0,5,2,7,0,,9.8,LOW
CUST0096,Company_96,Starter,Manufacturing,Germany,2023-12-06,641,95,1140,72,1,0,4,3,5,0,,39.0,HIGH
CUST0097,Company_97,Free,Finance,Singapore,2023-07-25,350,0,0,62,2,0,6,0,2,1,Switched to competitor,41.6,HIGH
CUST0098,Company_98,Enterprise,Manufacturing,Germany,2022-08-13,102,1027,12324,0,1,0,9,30,13,0,,7.0,LOW
CUST0099,Company_99,Starter,SaaS,USA,2023-12-03,845,147,1764,66,1,1,6,6,7,1,Missing features,44.7,HIGH
CUST0100,Company_100,Professional,SaaS,USA,2022-11-29,776,308,3696,4,0,2,9,12,12,0,,18.4,LOW
CUST0101,Company_101,Enterprise,Media,Germany,2022-02-27,247,1043,12516,23,0,0,7,23,8,0,,10.2,LOW
CUST0102,Company_102,Starter,Healthcare,Australia,2022-08-23,695,124,1488,9,3,1,5,13,4,0,,33.3,LOW
CUST0103,Company_103,Starter,SaaS,Australia,2022-02-02,324,88,1056,9,0,1,8,11,2,0,,12.3,LOW
CUST0104,Company_104,Free,Manufacturing,India,2022-11-20,237,0,0,62,1,0,6,5,4,1,Business closed,34.6,HIGH
CUST0105,Company_105,Free,Media,UK,2023-02-15,832,0,0,37,2,0,6,2,2,0,,30.4,MEDIUM
CUST0106,Company_106,Free,Manufacturing,UK,2022-10-02,210,0,0,34,1,0,4,5,4,0,,22.1,MEDIUM
CUST0107,Company_107,Starter,Finance,USA,2022-03-09,157,129,1548,37,1,0,9,7,4,1,Missing features,23.4,MEDIUM
CUST0108,Company_108,Starter,Finance,UK,2022-08-05,32,84,1008,77,1,0,8,15,7,0,,41.2,HIGH
CUST0109,Company_109,Professional,Media,Australia,2023-08-04,54,334,4008,26,3,2,7,7,10,0,,49.2,LOW
CUST0110,Company_110,Starter,Media,Canada,2022-11-19,257,81,972,17,1,0,7,7,3,0,,14.6,LOW
CUST0111,Company_111,Professional,Education,USA,2022-08-06,493,337,4044,1,2,1,6,19,8,0,,22.8,LOW
CUST0112,Company_112,Free,Retail,UK,2023-11-03,632,0,0,62,1,0,7,5,1,0,,34.6,HIGH
CUST0113,Company_113,Free,Retail,Canada,2023-05-27,877,0,0,53,2,0,5,5,2,0,,37.6,MEDIUM
CUST0114,Company_114,Free,Manufacturing,Canada,2023-02-10,793,0,0,27,2,0,3,3,3,0,,26.0,LOW
CUST0115,Company_115,Free,Healthcare,Australia,2023-10-21,81,0,0,40,1,0,8,4,3,0,,24.8,MEDIUM
CUST0116,Company_116,Professional,Finance,Germany,2023-04-15,473,288,3456,45,0,2,7,16,7,0,,36.7,MEDIUM
CUST0117,Company_117,Professional,Manufacturing,Singapore,2022-05-27,431,319,3828,15,1,1,6,19,9,1,Price too high,22.0,LOW
CUST0118,Company_118,Professional,SaaS,USA,2022-09-29,651,333,3996,27,5,2,8,22,7,1,Switched to competitor,63.7,LOW
CUST0119,Company_119,Free,Healthcare,Australia,2022-05-23,596,0,0,117,0,0,8,4,1,1,Price too high,52.0,HIGH
CUST0120,Company_120,Professional,Finance,USA,2022-09-10,206,330,3960,34,3,2,10,16,5,1,Switched to competitor,52.8,MEDIUM
CUST0121,Company_121,Starter,Media,Canada,2023-07-29,742,132,1584,77,0,0,8,10,3,0,,34.2,HIGH
CUST0122,Company_122,Free,SaaS,India,2023-07-06,720,0,0,93,2,0,4,1,3,0,,55.3,HIGH
CUST0123,Company_123,Starter,Finance,Canada,2022-09-27,400,116,1392,71,3,0,9,5,7,1,Price too high,52.6,HIGH
CUST0124,Company_124,Starter,Media,USA,2023-08-22,513,93,1116,79,3,0,8,9,2,0,,56.1,HIGH
CUST0125,Company_125,Starter,Manufacturing,Australia,2023-03-15,416,130,1560,63,1,1,7,11,2,1,Business closed,43.3,HIGH
CUST0126,Company_126,Starter,Healthcare,USA,2023-08-21,256,81,972,76,3,1,9,2,5,1,Poor support,63.1,HIGH
CUST0127,Company_127,Free,SaaS,Canada,2023-02-13,158,0,0,52,0,0,8,1,1,1,Other,23.1,MEDIUM
CUST0128,Company_128,Free,Healthcare,UK,2023-01-06,678,0,0,25,1,0,5,5,1,0,,18.1,LOW
CUST0129,Company_129,Free,Finance,UK,2022-08-13,711,0,0,89,0,0,3,3,1,0,,39.6,HIGH
CUST0130,Company_130,Free,SaaS,Canada,2022-05-22,12,0,0,56,1,0,4,1,4,0,,31.9,MEDIUM
CUST0131,Company_131,Professional,Education,UK,2023-06-06,775,320,3840,24,3,1,8,17,5,0,,40.0,LOW
CUST0132,Company_132,Starter,Finance,Germany,2023-05-21,888,100,1200,74,1,1,4,4,6,1,Other,48.2,HIGH
CUST0133,Company_133,Free,SaaS,UK,2022-04-04,795,0,0,70,2,0,4,5,2,1,Other,45.1,HIGH
CUST0134,Company_134,Starter,Finance,Canada,2022-02-18,116,137,1644,5,0,1,7,12,7,1,Poor support,10.6,LOW
CUST0135,Company_135,Professional,Media,USA,2022-04-23,804,325,3900,35,3,2,8,12,7,0,,53.2,MEDIUM
CUST0136,Company_136,Professional,Retail,Germany,2022-06-06,442,290,3480,30,2,0,7,11,5,0,,27.3,LOW
CUST0137,Company_137,Free,Retail,Canada,2023-10-05,231,0,0,24,2,0,6,4,1,0,,24.7,LOW
CUST0138,Company_138,Free,Retail,Germany,2022-06-13,187,0,0,50,0,0,3,0,1,0,,22.2,MEDIUM
CUST0139,Company_139,Starter,Media,Australia,2023-11-28,830,134,1608,62,4,0,5,13,2,0,,55.6,HIGH
CUST0140,Company_140,Free,Finance,Singapore,2023-03-09,719,0,0,71,1,0,4,4,2,1,Missing features,38.6,HIGH
CUST0141,Company_141,Professional,Retail,Australia,2023-09-03,537,292,3504,49,0,0,9,14,7,0,,21.8,MEDIUM
CUST0142,Company_142,Free,Finance,Australia,2022-03-07,482,0,0,113,2,0,5,4,3,0,,64.2,HIGH
CUST0143,Company_143,Enterprise,Finance,UK,2023-01-30,58,1010,12120,7,2,0,7,26,9,0,,17.1,LOW
CUST0144,Company_144,Starter,Manufacturing,Singapore,2023-01-26,577,134,1608,57,2,1,4,10,6,0,,47.7,MEDIUM
CUST0145,Company_145,Free,Finance,Germany,2023-09-03,262,0,0,114,0,0,8,5,4,1,Other,50.7,HIGH
CUST0146,Company_146,Enterprise,Finance,USA,2023-04-25,875,1030,12360,17,3,0,6,21,12,0,,28.6,LOW
CUST0147,Company_147,Free,Healthcare,India,2023-06-26,131,0,0,120,2,0,5,5,4,1,Business closed,67.3,HIGH
CUST0148,Company_148,Professional,Healthcare,USA,2022-09-15,474,346,4152,27,1,1,8,10,12,0,,27.3,LOW
CUST0149,Company_149,Starter,Media,Australia,2023-07-21,143,89,1068,65,1,0,6,15,7,0,,35.9,HIGH
CUST0150,Company_150,Starter,Education,USA,2022-01-12,827,129,1548,23,3,0,8,8,5,0,,31.2,LOW
CUST0151,Company_151,Starter,Manufacturing,Germany,2023-11-28,482,118,1416,76,4,0,7,5,4,0,,61.8,HIGH
CUST0152,Company_152,Starter,Manufacturing,Singapore,2022-04-28,690,122,1464,31,2,0,7,15,4,0,,27.8,MEDIUM
CUST0153,Company_153,Free,Manufacturing,India,2023-11-30,550,0,0,31,2,0,8,1,1,1,Other,27.8,MEDIUM
CUST0154,Company_154,Free,Healthcare,Australia,2023-07-04,579,0,0,54,1,0,8,4,1,1,Switched to competitor,31.0,MEDIUM
CUST0155,Company_155,Starter,Manufacturing,Australia,2022-10-01,616,107,1284,14,1,0,7,5,4,0,,13.2,LOW
CUST0156,Company_156,Professional,Retail,Singapore,2023-10-19,331,321,3852,20,0,0,6,8,11,0,,8.9,LOW
CUST0157,Company_157,Free,Manufacturing,UK,2022-12-15,780,0,0,51,2,0,7,5,2,1,Missing features,36.7,MEDIUM
CUST0158,Company_158,Free,Manufacturing,India,2022-04-25,460,0,0,70,0,0,7,2,3,0,,31.1,HIGH
CUST0159,Company_159,Professional,Healthcare,UK,2022-10-28,634,300,3600,25,3,2,10,16,8,1,Business closed,48.8,LOW
CUST0160,Company_160,Professional,SaaS,Singapore,2023-03-22,841,288,3456,17,2,2,8,19,5,0,,38.2,LOW
CUST0161,Company_161,Free,Finance,UK,2022-06-11,743,0,0,112,1,0,5,1,3,1,Poor support,56.8,HIGH
CUST0162,Company_162,Professional,SaaS,Singapore,2023-04-10,523,344,4128,21,3,0,9,12,6,0,,30.3,LOW
CUST0163,Company_163,Free,Media,Germany,2022-01-04,443,0,0,22,1,0,7,4,4,1,Switched to competitor,16.8,LOW
CUST0164,Company_164,Free,Education,Australia,2022-09-27,857,0,0,57,0,0,4,2,2,0,,25.3,MEDIUM
CUST0165,Company_165,Professional,Healthcare,Singapore,2023-05-28,568,293,3516,25,4,0,8,22,9,0,,39.1,LOW
CUST0166,Company_166,Professional,Finance,Germany,2022-07-02,463,346,4152,17,3,2,10,20,11,0,,45.2,LOW
CUST0167,Company_167,Starter,Healthcare,Australia,2023-06-04,169,144,1728,26,2,0,5,13,6,0,,25.6,LOW
CUST0168,Company_168,Professional,Retail,India,2022-04-19,768,303,3636,32,1,2,10,6,12,0,,37.9,MEDIUM
CUST0169,Company_169,Professional,Media,USA,2023-10-03,889,323,3876,3,0,2,5,5,10,0,,18.0,LOW
CUST0170,Company_170,Starter,SaaS,Singapore,2022-11-02,493,123,1476,22,1,0,9,4,2,0,,16.8,LOW
CUST0171,Company_171,Starter,SaaS,Germany,2023-10-17,467,97,1164,32,4,1,6,2,6,0,,50.6,MEDIUM
CUST0172,Company_172,Free,Retail,Australia,2023-06-04,272,0,0,101,2,0,7,3,4,1,Other,58.9,HIGH
CUST0173,Company_173,Professional,Retail,India,2023-09-16,776,309,3708,2,0,2,9,18,4,0,,17.6,LOW
CUST0174,Company_174,Starter,Retail,Singapore,2022-07-23,260,92,1104,7,4,1,8,6,2,1,Switched to competitor,39.4,LOW
CUST0175,Company_175,Enterprise,Manufacturing,UK,2022-06-06,867,997,11964,16,3,0,7,13,7,0,,28.1,LOW
CUST0176,Company_176,Professional,SaaS,Germany,2023-01-18,659,311,3732,34,1,0,6,24,12,0,,22.1,MEDIUM
CUST0177,Company_177,Enterprise,Manufacturing,Canada,2022-06-15,290,1004,12048,8,2,0,8,22,7,0,,17.6,LOW
CUST0178,Company_178,Free,Retail,India,2023-07-07,791,0,0,67,1,0,6,4,2,0,,36.8,HIGH
CUST0179,Company_179,Starter,Finance,Australia,2023-06-28,803,101,1212,33,2,0,9,15,7,0,,28.7,MEDIUM
CUST0180,Company_180,Professional,Healthcare,UK,2022-01-01,540,298,3576,49,0,0,8,17,10,0,,21.8,MEDIUM
CUST0181,Company_181,Starter,Manufacturing,UK,2023-09-06,503,88,1056,75,3,0,9,2,7,0,,54.3,HIGH
CUST0182,Company_182,Free,Finance,Singapore,2022-11-28,648,0,0,41,0,0,6,3,3,0,,18.2,MEDIUM
CUST0183,Company_183,Starter,Finance,Singapore,2023-05-16,251,101,1212,77,0,0,5,5,7,0,,34.2,HIGH
CUST0184,Company_184,Enterprise,Finance,USA,2022-01-20,288,1042,12504,28,3,0,8,11,7,0,,33.4,LOW
CUST0185,Company_185,Starter,Education,India,2022-04-25,457,138,1656,40,4,0,5,15,4,0,,45.8,MEDIUM
CUST0186,Company_186,Enterprise,Education,USA,2023-01-07,86,1036,12432,0,1,0,10,14,12,0,,7.0,LOW
CUST0187,Company_187,Professional,Education,UK,2022-11-11,737,320,3840,5,2,0,9,12,10,0,,16.2,LOW
CUST0188,Company_188,Professional,Education,Singapore,2022-09-03,299,319,3828,44,4,1,8,9,5,0,,55.9,MEDIUM
CUST0189,Company_189,Free,Healthcare,Singapore,2022-03-01,247,0,0,84,2,0,5,0,1,0,,51.3,HIGH
CUST0190,Company_190,Enterprise,Media,Singapore,2022-09-04,285,998,11976,13,1,0,6,20,15,0,,12.8,LOW
CUST0191,Company_191,Free,Retail,Singapore,2023-08-04,350,0,0,118,2,0,7,3,3,1,Missing features,66.4,HIGH
CUST0192,Company_192,Enterprise,Finance,USA,2022-03-22,334,1035,12420,0,2,0,9,25,9,0,,14.0,LOW
CUST0193,Company_193,Free,Healthcare,UK,2022-03-29,560,0,0,65,2,0,6,3,2,0,,42.9,HIGH
CUST0194,Company_194,Free,Manufacturing,UK,2023-05-13,89,0,0,107,2,0,8,3,1,1,Business closed,61.6,HIGH
CUST0195,Company_195,Professional,Healthcare,India,2022-03-12,148,287,3444,50,4,1,6,7,5,1,Price too high,58.6,MEDIUM
CUST0196,Company_196,Free,SaaS,Canada,2023-06-30,161,0,0,54,0,0,6,5,2,0,,24.0,MEDIUM
CUST0197,Company_197,Enterprise,Education,Germany,2022-05-09,243,1039,12468,23,3,0,8,21,7,0,,31.2,LOW
CUST0198,Company_198,Free,Healthcare,Australia,2022-05-12,399,0,0,31,0,0,5,3,3,0,,13.8,MEDIUM
CUST0199,Company_199,Free,Media,Singapore,2023-11-07,717,0,0,117,1,0,3,1,1,0,,59.0,HIGH
CUST0200,Company_200,Professional,Media,Australia,2023-05-02,163,335,4020,12,3,1,9,22,12,0,,34.7,LOW
CUST0201,Company_201,Enterprise,Education,UK,2023-07-17,730,1017,12204,13,0,0,6,12,11,0,,5.8,LOW
CUST0202,Company_202,Free,Media,Australia,2022-06-19,226,0,0,90,0,0,7,4,3,1,Business closed,40.0,HIGH
CUST0203,Company_203,Professional,Finance,UK,2022-09-29,72,314,3768,25,0,1,8,17,5,0,,19.4,LOW
CUST0204,Company_204,Free,Education,UK,2023-06-25,431,0,0,112,2,0,4,4,2,1,Business closed,63.8,HIGH
CUST0205,Company_205,Starter,Finance,Australia,2023-09-14,424,86,1032,53,1,0,6,6,4,0,,30.6,MEDIUM
CUST0206,Company_206,Starter,Media,Germany,2023-03-10,345,124,1488,68,1,0,5,8,4,1,Other,37.2,HIGH
CUST0207,Company_207,Free,SaaS,India,2022-08-05,562,0,0,73,1,0,6,0,3,1,Business closed,39.4,HIGH
CUST0208,Company_208,Free,Finance,Australia,2023-07-07,484,0,0,52,0,0,8,5,4,1,Price too high,23.1,MEDIUM
CUST0209,Company_209,Professional,Finance,Australia,2023-12-08,432,343,4116,39,4,0,8,8,6,1,Business closed,45.3,MEDIUM
CUST0210,Company_210,Starter,Education,Australia,2022-07-25,70,88,1056,43,0,1,6,15,6,0,,27.4,MEDIUM
CUST0211,Company_211,Enterprise,Education,USA,2024-01-01,218,1018,12216,12,2,0,9,20,12,0,,19.3,LOW
CUST0212,Company_212,Starter,Education,India,2022-11-16,859,138,1656,22,2,1,8,13,3,1,Other,32.1,LOW
CUST0213,Company_213,Professional,Finance,Australia,2023-02-13,437,336,4032,31,2,0,8,15,8,0,,27.8,MEDIUM
CUST0214,Company_214,Starter,Media,Singapore,2023-11-19,405,83,996,67,4,0,6,8,4,0,,57.8,HIGH
CUST0215,Company_215,Starter,Manufacturing,Singapore,2023-10-28,795,86,1032,55,2,0,8,5,6,0,,38.4,MEDIUM
CUST0216,Company_216,Starter,Media,Germany,2023-01-18,605,126,1512,74,1,0,9,9,7,1,Business closed,39.9,HIGH
CUST0217,Company_217,Free,Manufacturing,Singapore,2023-03-25,719,0,0,46,1,0,5,5,1,0,,27.4,MEDIUM
CUST0218,Company_218,Professional,Healthcare,Canada,2023-06-14,27,315,3780,27,5,1,6,25,8,0,,55.3,LOW
CUST0219,Company_219,Free,Healthcare,Australia,2023-04-08,884,0,0,50,1,0,8,1,4,0,,29.2,MEDIUM
CUST0220,Company_220,Free,Retail,Germany,2022-05-04,790,0,0,68,0,0,6,4,4,0,,30.2,HIGH
CUST0221,Company_221,Free,Manufacturing,USA,2022-09-11,596,0,0,94,1,0,7,4,4,0,,48.8,HIGH
CUST0222,Company_222,Enterprise,SaaS,India,2022-08-19,396,988,11856,17,0,0,8,27,15,0,,7.6,LOW
CUST0223,Company_223,Professional,Retail,Germany,2022-03-07,495,290,3480,41,0,0,6,16,6,0,,18.2,MEDIUM
CUST0224,Company_224,Professional,Retail,Canada,2022-12-13,13,343,4116,42,4,0,9,25,10,1,Other,46.7,MEDIUM
CUST0225,Company_225,Free,Manufacturing,USA,2022-01-22,367,0,0,116,1,0,6,0,1,1,Price too high,58.6,HIGH
CUST0226,Company_226,Free,Manufacturing,Canada,2023-08-26,312,0,0,32,1,0,4,4,2,1,Switched to competitor,21.2,MEDIUM
CUST0227,Company_227,Free,Retail,USA,2023-07-22,778,0,0,77,1,0,6,3,2,0,,41.2,HIGH
CUST0228,Company_228,Free,Finance,India,2022-08-24,406,0,0,64,0,0,6,0,3,0,,28.4,HIGH
CUST0229,Company_229,Free,SaaS,UK,2023-08-26,880,0,0,73,0,0,3,5,2,0,,32.4,HIGH
CUST0230,Company_230,Free,Media,Singapore,2022-08-14,862,0,0,64,1,0,5,3,2,1,Missing features,35.4,HIGH
CUST0231,Company_231,Starter,Healthcare,Singapore,2022-01-08,436,128,1536,71,3,1,7,3,5,1,Poor support,60.9,HIGH
CUST0232,Company_232,Starter,SaaS,UK,2022-03-14,558,138,1656,62,2,0,6,2,7,0,,41.6,HIGH
CUST0233,Company_233,Free,Manufacturing,Canada,2023-12-26,772,0,0,34,0,0,5,5,1,0,,15.1,MEDIUM
CUST0234,Company_234,Starter,Healthcare,Canada,2023-10-09,759,149,1788,26,1,0,8,4,4,1,Other,18.6,LOW
CUST0235,Company_235,Professional,Media,Australia,2022-03-02,566,284,3408,36,3,1,6,17,6,1,Price too high,45.3,MEDIUM
CUST0236,Company_236,Free,SaaS,Canada,2022-08-23,826,0,0,43,2,0,8,3,4,0,,33.1,MEDIUM
CUST0237,Company_237,Free,Education,USA,2022-03-11,624,0,0,23,2,0,7,1,4,0,,24.2,LOW
CUST0238,Company_238,Starter,SaaS,USA,2022-02-02,232,136,1632,80,3,1,4,13,3,0,,64.9,HIGH
CUST0239,Company_239,Starter,Media,India,2022-12-05,506,103,1236,31,2,0,8,3,6,0,,27.8,MEDIUM
CUST0240,Company_240,Professional,Finance,India,2022-03-14,231,320,3840,12,2,1,6,19,5,0,,27.7,LOW
CUST0241,Company_241,Starter,Retail,Singapore,2023-06-11,286,139,1668,38,3,1,8,8,6,1,Business closed,46.2,MEDIUM
CUST0242,Company_242,Starter,Manufacturing,Australia,2022-09-01,453,143,1716,55,4,0,6,7,5,1,Other,52.4,MEDIUM
CUST0243,Company_243,Free,Healthcare,Australia,2022-10-13,504,0,0,99,0,0,8,5,3,1,Price too high,44.0,HIGH
CUST0244,Company_244,Starter,SaaS,Australia,2023-11-17,36,98,1176,80,0,0,6,3,3,0,,35.6,HIGH
CUST0245,Company_245,Starter,Healthcare,Australia,2023-05-13,405,86,1032,44,0,0,6,13,3,0,,19.6,MEDIUM
CUST0246,Company_246,Professional,Retail,USA,2022-08-08,351,336,4032,33,3,1,9,9,10,0,,44.0,MEDIUM
CUST0247,Company_247,Professional,SaaS,India,2023-07-07,691,292,3504,28,1,1,10,22,6,0,,27.8,LOW
CUST0248,Company_248,Starter,Finance,India,2022-05-16,702,122,1464,76,1,1,6,4,3,1,Switched to competitor,49.1,HIGH
CUST0249,Company_249,Free,Media,Canada,2023-08-08,824,0,0,60,1,0,7,0,3,0,,33.7,MEDIUM
CUST0250,Company_250,Starter,Media,India,2023-08-14,421,89,1068,6,3,0,5,15,5,1,Poor support,23.7,LOW
CUST0251,Company_251,Free,Healthcare,Canada,2023-04-30,748,0,0,91,2,0,8,3,4,0,,54.4,HIGH
CUST0252,Company_252,Enterprise,Media,Germany,2022-09-06,176,1043,12516,21,3,0,9,24,13,0,,30.3,LOW
CUST0253,Company_253,Enterprise,Media,Australia,2023-04-30,867,1001,12012,5,0,0,10,10,9,0,,2.2,LOW
CUST0254,Company_254,Free,Healthcare,USA,2023-02-21,485,0,0,57,0,0,5,1,3,0,,25.3,MEDIUM
CUST0255,Company_255,Enterprise,SaaS,UK,2022-07-14,137,984,11808,5,3,0,10,25,14,0,,23.2,LOW
CUST0256,Company_256,Professional,Media,Germany,2022-04-07,644,310,3720,33,0,2,5,13,12,0,,31.3,MEDIUM
CUST0257,Company_257,Starter,Healthcare,USA,2022-04-10,553,135,1620,51,4,0,9,9,6,0,,50.7,MEDIUM
CUST0258,Company_258,Free,Education,USA,2023-11-06,34,0,0,47,1,0,3,5,2,0,,27.9,MEDIUM
CUST0259,Company_259,Enterprise,Healthcare,UK,2023-03-18,410,1035,12420,9,0,0,9,18,11,0,,4.0,LOW
CUST0260,Company_260,Professional,Manufacturing,Singapore,2022-12-29,613,346,4152,6,3,0,6,11,9,0,,23.7,LOW
CUST0261,Company_261,Free,Media,Singapore,2023-03-10,584,0,0,110,2,0,8,3,2,1,Business closed,62.9,HIGH
CUST0262,Company_262,Starter,Healthcare,Singapore,2023-02-25,685,145,1740,22,1,0,4,11,4,1,Price too high,16.8,LOW
CUST0263,Company_263,Starter,Education,USA,2023-04-24,34,99,1188,73,2,0,6,13,4,1,Business closed,46.4,HIGH
CUST0264,Company_264,Free,Healthcare,Australia,2022-02-25,92,0,0,57,2,0,5,4,1,1,Business closed,39.3,MEDIUM
CUST0265,Company_265,Professional,Media,USA,2023-11-21,665,325,3900,9,3,0,7,25,6,0,,25.0,LOW
CUST0266,Company_266,Free,Healthcare,USA,2023-11-01,445,0,0,109,0,0,4,1,3,1,Other,48.4,HIGH
CUST0267,Company_267,Professional,Retail,USA,2023-10-24,145,326,3912,16,5,1,8,9,8,0,,50.4,LOW
CUST0268,Company_268,Starter,SaaS,Singapore,2022-04-11,894,115,1380,58,3,1,4,12,2,0,,55.1,MEDIUM
CUST0269,Company_269,Free,Finance,Germany,2022-03-04,479,0,0,71,2,0,8,2,3,1,Other,45.6,HIGH
CUST0270,Company_270,Professional,Finance,Australia,2023-02-17,193,328,3936,30,3,1,9,5,5,0,,42.7,LOW
CUST0271,Company_271,Professional,Retail,Australia,2022-12-14,58,331,3972,47,3,2,10,16,5,1,Switched to competitor,58.6,MEDIUM
CUST0272,Company_272,Enterprise,SaaS,Singapore,2022-04-22,273,1022,12264,25,3,0,7,23,9,0,,32.1,LOW
CUST0273,Company_273,Enterprise,Healthcare,Singapore,2022-09-12,395,985,11820,15,2,0,8,19,11,0,,20.7,LOW
CUST0274,Company_274,Professional,Manufacturing,UK,2022-07-16,342,321,3852,36,4,0,9,20,9,1,Switched to competitor,44.0,MEDIUM
CUST0275,Company_275,Professional,SaaS,Canada,2022-07-14,223,287,3444,44,0,0,5,25,11,0,,19.6,MEDIUM
CUST0276,Company_276,Enterprise,Finance,Australia,2023-07-04,472,1021,12252,0,0,0,7,24,13,0,,0.0,LOW
CUST0277,Company_277,Professional,Healthcare,Canada,2023-04-05,341,291,3492,1,3,0,10,9,8,1,Business closed,21.4,LOW
CUST0278,Company_278,Free,Education,Canada,2022-05-24,352,0,0,40,1,0,3,5,3,0,,24.8,MEDIUM
CUST0279,Company_279,Professional,Healthcare,UK,2023-03-09,786,328,3936,17,0,1,10,25,6,0,,15.9,LOW
CUST0280,Company_280,Free,Manufacturing,Singapore,2022-07-07,395,0,0,26,1,0,8,2,2,0,,18.6,LOW
CUST0281,Company_281,Free,Finance,Australia,2022-10-13,291,0,0,74,2,0,3,5,1,1,Price too high,46.9,HIGH
CUST0282,Company_282,Free,Manufacturing,Germany,2023-04-19,777,0,0,20,0,0,6,0,2,0,,8.9,LOW
CUST0283,Company_283,Professional,Manufacturing,Australia,2022-09-13,858,315,3780,38,1,2,10,19,4,0,,40.6,MEDIUM
CUST0284,Company_284,Professional,Education,Australia,2022-03-19,438,311,3732,1,5,1,5,18,6,0,,43.8,LOW
CUST0285,Company_285,Professional,Manufacturing,India,2023-03-30,265,298,3576,31,0,0,8,7,5,0,,13.8,MEDIUM
CUST0286,Company_286,Free,Healthcare,India,2023-07-18,861,0,0,33,1,0,5,2,2,0,,21.7,MEDIUM
CUST0287,Company_287,Free,Retail,Germany,2022-04-11,90,0,0,68,0,0,8,5,2,1,Missing features,30.2,HIGH
CUST0288,Company_288,Starter,Media,Singapore,2022-02-21,488,121,1452,13,4,0,8,12,3,0,,33.8,LOW
CUST0289,Company_289,Free,Healthcare,Singapore,2023-10-30,26,0,0,76,1,0,8,1,2,0,,40.8,HIGH
CUST0290,Company_290,Professional,Retail,USA,2023-07-08,774,289,3468,27,4,2,8,11,5,1,Poor support,56.7,LOW
CUST0291,Company_291,Free,Manufacturing,Germany,2022-01-16,559,0,0,32,0,0,3,4,4,0,,14.2,MEDIUM
CUST0292,Company_292,Starter,Education,Singapore,2022-04-06,60,97,1164,49,3,1,5,5,4,0,,51.1,MEDIUM
CUST0293,Company_293,Free,Manufacturing,India,2022-08-31,365,0,0,102,0,0,4,4,3,0,,45.3,HIGH
CUST0294,Company_294,Enterprise,Retail,UK,2022-06-20,236,1023,12276,24,0,0,8,16,14,0,,10.7,LOW
CUST0295,Company_295,Free,SaaS,Canada,2023-02-21,672,0,0,97,2,0,4,5,4,1,Missing features,57.1,HIGH
CUST0296,Company_296,Starter,Education,Singapore,2023-05-13,77,118,1416,42,0,0,7,8,2,0,,18.7,MEDIUM
CUST0297,Company_297,Free,Healthcare,USA,2023-05-08,806,0,0,50,1,0,8,4,1,1,Missing features,29.2,MEDIUM
CUST0298,Company_298,Professional,Manufacturing,Germany,2022-08-07,674,329,3948,34,0,1,7,9,10,0,,23.4,MEDIUM
CUST0299,Company_299,Professional,Education,Singapore,2023-02-15,48,295,3540,37,3,1,9,10,11,1,Other,45.8,MEDIUM
CUST0300,Company_300,Starter,Education,Canada,2022-03-02,779,89,1068,14,0,0,4,6,3,0,,6.2,LOW
CUST0301,Company_301,Starter,Retail,UK,2022-06-18,38,118,1416,10,0,1,8,6,7,0,,12.8,LOW
CUST0302,Company_302,Free,Education,USA,2023-01-24,260,0,0,111,2,0,6,3,4,1,Other,63.3,HIGH
CUST0303,Company_303,Free,Healthcare,UK,2022-01-03,211,0,0,30,2,0,7,4,2,0,,27.3,LOW
CUST0304,Company_304,Enterprise,Retail,Singapore,2023-02-04,866,1027,12324,8,0,0,8,12,14,0,,3.6,LOW
CUST0305,Company_305,Enterprise,Retail,Australia,2022-09-29,27,1021,12252,29,1,0,7,27,11,0,,19.9,LOW
CUST0306,Company_306,Enterprise,SaaS,Singapore,2023-04-11,643,995,11940,12,0,0,8,23,9,0,,5.3,LOW
CUST0307,Company_307,Free,SaaS,Germany,2022-10-20,163,0,0,27,0,0,3,3,1,0,,12.0,LOW
CUST0308,Company_308,Professional,SaaS,Australia,2023-03-10,251,346,4152,30,4,2,5,14,6,0,,58.0,LOW
CUST0309,Company_309,Professional,Healthcare,India,2023-12-15,136,290,3480,8,0,2,6,5,6,0,,20.2,LOW
CUST0310,Company_310,Starter,Healthcare,Germany,2023-07-24,491,133,1596,68,2,1,5,7,3,0,,52.6,HIGH
CUST0311,Company_311,Free,Education,USA,2023-11-09,692,0,0,115,1,0,8,0,1,0,,58.1,HIGH
CUST0312,Company_312,Professional,Healthcare,Australia,2023-05-14,124,344,4128,22,3,1,9,7,8,0,,39.1,LOW
CUST0313,Company_313,Free,Finance,Singapore,2022-06-08,584,0,0,111,2,0,8,0,4,1,Business closed,63.3,HIGH
CUST0314,Company_314,Professional,Retail,Germany,2022-07-14,230,325,3900,30,4,1,5,20,6,1,Other,49.7,LOW
CUST0315,Company_315,Professional,Media,UK,2022-10-31,483,281,3372,24,1,1,5,23,5,0,,26.0,LOW
CUST0316,Company_316,Starter,SaaS,UK,2022-08-11,723,125,1500,34,4,0,4,15,2,1,Price too high,43.1,MEDIUM
CUST0317,Company_317,Professional,Media,India,2022-03-01,269,318,3816,16,0,1,7,17,6,0,,15.4,LOW
CUST0318,Company_318,Starter,Retail,Germany,2023-08-17,792,102,1224,27,0,1,5,7,3,0,,20.3,LOW
CUST0319,Company_319,Free,SaaS,Singapore,2023-07-10,384,0,0,73,2,0,5,2,1,0,,46.4,HIGH
CUST0320,Company_320,Starter,Healthcare,Singapore,2022-03-04,178,106,1272,78,2,0,8,12,2,0,,48.7,HIGH
CUST0321,Company_321,Free,SaaS,Singapore,2022-11-18,627,0,0,42,0,0,7,0,4,0,,18.7,MEDIUM
CUST0322,Company_322,Free,SaaS,India,2022-02-28,628,0,0,28,1,0,5,2,3,0,,19.4,LOW
CUST0323,Company_323,Starter,SaaS,UK,2022-02-21,772,122,1464,16,4,1,4,7,3,1,Price too high,43.4,LOW
CUST0324,Company_324,Professional,Retail,Australia,2023-08-22,742,341,4092,19,4,1,10,24,7,0,,44.8,LOW
CUST0325,Company_325,Free,Finance,Australia,2023-05-04,124,0,0,79,1,0,7,3,2,0,,42.1,HIGH
CUST0326,Company_326,Starter,Manufacturing,USA,2023-05-30,803,103,1236,74,1,0,4,8,2,0,,39.9,HIGH
CUST0327,Company_327,Starter,Healthcare,Canada,2023-06-28,845,107,1284,34,4,1,9,15,7,1,Switched to competitor,51.4,MEDIUM
CUST0328,Company_328,Starter,Finance,India,2022-06-11,174,96,1152,6,2,0,9,8,7,0,,16.7,LOW
CUST0329,Company_329,Professional,Education,Australia,2022-02-28,325,298,3576,47,2,0,6,21,7,0,,34.9,MEDIUM
CUST0330,Company_330,Starter,SaaS,Australia,2023-06-05,117,88,1056,58,3,0,5,13,4,0,,46.8,MEDIUM
CUST0331,Company_331,Starter,SaaS,India,2022-03-24,599,116,1392,16,0,0,8,8,7,0,,7.1,LOW
CUST0332,Company_332,Enterprise,Manufacturing,Australia,2022-07-10,33,991,11892,28,2,0,9,12,15,0,,26.4,LOW
CUST0333,Company_333,Free,Retail,Canada,2022-03-12,326,0,0,32,2,0,4,5,4,0,,28.2,MEDIUM
CUST0334,Company_334,Starter,Retail,Singapore,2023-09-02,596,143,1716,14,4,0,7,12,3,0,,34.2,LOW
CUST0335,Company_335,Starter,Finance,Australia,2022-03-11,700,148,1776,35,2,1,6,14,5,0,,37.9,MEDIUM
CUST0336,Company_336,Starter,Healthcare,USA,2023-11-23,391,146,1752,46,2,1,6,5,2,0,,42.8,MEDIUM
CUST0337,Company_337,Starter,Retail,Germany,2022-08-29,413,83,996,30,1,0,5,3,3,0,,20.3,LOW
CUST0338,Company_338,Professional,Media,India,2023-02-18,739,322,3864,29,3,1,8,8,12,0,,42.2,LOW
CUST0339,Company_339,Starter,Retail,USA,2022-05-03,210,95,1140,50,1,1,6,9,4,0,,37.6,MEDIUM
CUST0340,Company_340,Free,Finance,UK,2023-08-07,84,0,0,35,0,0,4,5,3,0,,15.6,MEDIUM
CUST0341,Company_341,Free,SaaS,Singapore,2022-09-10,613,0,0,110,2,0,7,0,2,1,Business closed,62.9,HIGH
CUST0342,Company_342,Free,Media,Singapore,2023-08-16,714,0,0,61,0,0,3,5,2,1,Switched to competitor,27.1,HIGH
CUST0343,Company_343,Enterprise,Manufacturing,USA,2023-09-01,857,1027,12324,30,2,0,9,26,6,0,,27.3,LOW
CUST0344,Company_344,Free,Finance,USA,2022-02-10,649,0,0,106,1,0,5,1,1,0,,54.1,HIGH
CUST0345,Company_345,Free,Media,Canada,2023-09-27,255,0,0,71,1,0,7,5,2,0,,38.6,HIGH
CUST0346,Company_346,Starter,Retail,India,2022-03-25,111,98,1176,17,3,0,5,3,2,0,,28.6,LOW
CUST0347,Company_347,Starter,Media,UK,2023-03-06,720,99,1188,12,1,0,5,15,5,0,,12.3,LOW
CUST0348,Company_348,Starter,Retail,Canada,2023-11-05,798,102,1224,52,0,1,4,2,2,0,,31.4,MEDIUM
CUST0349,Company_349,Enterprise,Manufacturing,Singapore,2023-08-21,315,1000,12000,6,3,0,7,12,11,0,,23.7,LOW
CUST0350,Company_350,Professional,SaaS,UK,2023-08-02,877,335,4020,8,0,1,5,10,10,0,,11.9,LOW
CUST0351,Company_351,Starter,Education,USA,2023-06-20,707,84,1008,55,3,0,7,12,5,0,,45.4,MEDIUM
CUST0352,Company_352,Starter,Retail,Singapore,2022-11-20,621,131,1572,27,2,0,5,6,4,1,Missing features,26.0,LOW
CUST0353,Company_353,Professional,Finance,Singapore,2022-09-25,831,325,3900,29,1,0,9,24,7,0,,19.9,LOW
CUST0354,Company_354,Professional,Media,India,2022-07-29,130,309,3708,42,2,1,8,22,11,0,,41.0,MEDIUM
CUST0355,Company_355,Professional,Media,Canada,2023-11-17,822,335,4020,4,0,1,8,9,10,0,,10.1,LOW
CUST0356,Company_356,Professional,Retail,India,2022-11-18,586,315,3780,13,5,2,6,25,12,0,,57.4,LOW
CUST0357,Company_357,Starter,Manufacturing,Germany,2022-09-02,808,136,1632,7,3,1,7,10,5,0,,32.4,LOW
CUST0358,Company_358,Enterprise,Manufacturing,Germany,2022-09-29,49,1008,12096,11,2,0,9,18,8,0,,18.9,LOW
CUST0359,Company_359,Free,Healthcare,Canada,2023-02-10,362,0,0,23,1,0,7,1,1,0,,17.2,LOW
CUST0360,Company_360,Professional,SaaS,Australia,2022-05-15,552,347,4164,50,2,0,8,21,9,1,Other,36.2,MEDIUM
CUST0361,Company_361,Free,Healthcare,Germany,2023-11-19,445,0,0,118,2,0,4,1,1,1,Other,66.4,HIGH
CUST0362,Company_362,Starter,Finance,USA,2023-10-23,684,109,1308,36,1,1,8,15,7,0,,31.3,MEDIUM
CUST0363,Company_363,Free,Finance,Australia,2022-11-04,386,0,0,27,0,0,7,3,3,0,,12.0,LOW
CUST0364,Company_364,Starter,SaaS,Germany,2023-04-14,77,118,1416,27,1,0,8,7,7,0,,19.0,LOW
CUST0365,Company_365,Enterprise,Education,Germany,2022-11-20,525,1039,12468,22,2,0,10,10,11,0,,23.8,LOW
CUST0366,Company_366,Starter,Media,Australia,2022-03-16,670,103,1236,77,4,0,8,5,5,0,,62.2,HIGH
CUST0367,Company_367,Enterprise,Retail,India,2022-01-10,356,1026,12312,17,2,0,7,25,6,0,,21.6,LOW
CUST0368,Company_368,Starter,Healthcare,Singapore,2023-04-15,19,135,1620,16,0,0,8,5,2,0,,7.1,LOW
CUST0369,Company_369,Free,SaaS,USA,2023-09-29,876,0,0,87,1,0,3,2,2,1,Business closed,45.7,HIGH
CUST0370,Company_370,Free,Manufacturing,Australia,2023-07-31,437,0,0,36,1,0,8,1,3,0,,23.0,MEDIUM
CUST0371,Company_371,Enterprise,Education,Canada,2022-04-13,849,1038,12456,1,0,0,7,28,8,0,,0.4,LOW
CUST0372,Company_372,Enterprise,Finance,USA,2022-03-17,508,1015,12180,24,0,0,10,21,7,0,,10.7,LOW
CUST0373,Company_373,Professional,Retail,USA,2023-07-05,115,327,3924,24,5,2,8,23,5,0,,62.3,LOW
CUST0374,Company_374,Free,Media,India,2022-08-07,450,0,0,63,1,0,5,1,2,0,,35.0,HIGH
CUST0375,Company_375,Free,Education,UK,2023-06-03,377,0,0,113,1,0,8,3,3,1,Missing features,57.2,HIGH
CUST0376,Company_376,Starter,Education,USA,2022-09-29,657,143,1716,27,4,1,5,12,6,0,,48.3,LOW
CUST0377,Company_377,Enterprise,Education,India,2022-05-16,855,1046,12552,26,1,0,9,19,10,0,,18.6,LOW
CUST0378,Company_378,Free,Retail,Australia,2022-12-24,477,0,0,36,0,0,8,0,4,0,,16.0,MEDIUM
CUST0379,Company_379,Free,Manufacturing,Australia,2022-03-12,731,0,0,118,2,0,3,1,3,0,,66.4,HIGH
CUST0380,Company_380,Enterprise,Retail,UK,2022-09-08,163,1032,12384,29,1,0,10,13,13,1,Switched to competitor,19.9,LOW
CUST0381,Company_381,Professional,Healthcare,India,2023-01-14,452,299,3588,10,2,2,5,12,9,0,,35.1,LOW
CUST0382,Company_382,Free,Education,India,2022-10-19,187,0,0,60,0,0,8,0,3,1,Business closed,26.7,MEDIUM
CUST0383,Company_383,Professional,Finance,Singapore,2022-06-11,758,304,3648,29,0,1,6,12,5,0,,21.2,LOW
CUST0384,Company_384,Starter,Media,USA,2023-03-25,541,96,1152,49,2,0,9,2,2,1,Switched to competitor,35.8,MEDIUM
CUST0385,Company_385,Starter,Manufacturing,USA,2023-07-11,673,111,1332,54,3,1,5,8,5,1,Business closed,53.3,MEDIUM
CUST0386,Company_386,Professional,SaaS,Australia,2023-12-22,283,285,3420,25,2,2,8,8,11,0,,41.8,LOW
CUST0387,Company_387,Free,Finance,Australia,2022-11-06,637,0,0,120,2,0,8,5,2,1,Switched to competitor,67.3,HIGH
CUST0388,Company_388,Professional,Retail,Australia,2023-09-19,834,340,4080,11,3,0,5,14,4,0,,25.9,LOW
CUST0389,Company_389,Professional,Healthcare,Germany,2023-11-01,558,326,3912,21,2,0,5,15,6,0,,23.3,LOW
CUST0390,Company_390,Starter,SaaS,Singapore,2023-06-26,800,149,1788,53,1,0,8,3,4,1,Other,30.6,MEDIUM
CUST0391,Company_391,Free,Healthcare,Canada,2022-01-09,502,0,0,96,2,0,6,5,1,1,Switched to competitor,56.7,HIGH
CUST0392,Company_392,Enterprise,Finance,UK,2023-11-15,483,992,11904,13,1,0,10,23,8,0,,12.8,LOW
CUST0393,Company_393,Enterprise,Healthcare,India,2023-07-22,453,1045,12540,1,0,0,8,16,9,0,,0.4,LOW
CUST0394,Company_394,Starter,Education,Canada,2022-11-03,852,94,1128,57,4,1,9,6,4,1,Switched to competitor,61.7,MEDIUM
CUST0395,Company_395,Professional,Finance,UK,2023-11-11,755,315,3780,16,0,0,8,23,12,0,,7.1,LOW
CUST0396,Company_396,Free,Media,Singapore,2022-04-17,613,0,0,82,0,0,3,2,1,0,,36.4,HIGH
CUST0397,Company_397,Professional,Manufacturing,Canada,2022-05-18,281,289,3468,28,0,1,10,25,11,0,,20.8,LOW
CUST0398,Company_398,Free,SaaS,Canada,2022-09-28,337,0,0,45,0,0,3,1,2,0,,20.0,MEDIUM
CUST0399,Company_399,Starter,Finance,Canada,2022-04-29,879,99,1188,42,0,1,4,6,5,1,Business closed,27.0,MEDIUM
CUST0400,Company_400,Professional,Manufacturing,India,2022-04-20,258,313,3756,31,3,2,7,7,12,1,Switched to competitor,51.4,MEDIUM
CUST0401,Company_401,Starter,Retail,Germany,2023-07-21,857,136,1632,54,1,1,7,7,3,1,Switched to competitor,39.3,MEDIUM
CUST0402,Company_402,Free,SaaS,India,2022-06-09,95,0,0,77,0,0,5,3,4,0,,34.2,HIGH
CUST0403,Company_403,Free,Education,Singapore,2022-10-06,292,0,0,53,0,0,5,4,1,0,,23.6,MEDIUM
CUST0404,Company_404,Free,Healthcare,UK,2022-10-16,468,0,0,39,2,0,8,0,1,0,,31.3,MEDIUM
CUST0405,Company_405,Starter,Healthcare,UK,2023-09-12,256,144,1728,49,4,1,8,5,6,0,,58.1,MEDIUM
CUST0406,Company_406,Free,Healthcare,USA,2022-08-04,775,0,0,27,1,0,7,3,4,0,,19.0,LOW
CUST0407,Company_407,Free,Healthcare,USA,2022-12-18,482,0,0,93,0,0,6,2,1,0,,41.3,HIGH
CUST0408,Company_408,Starter,Healthcare,India,2022-07-28,590,97,1164,55,0,0,4,14,5,0,,24.4,MEDIUM
CUST0409,Company_409,Starter,Finance,Germany,2023-12-05,631,134,1608,27,1,0,5,4,2,0,,19.0,LOW
CUST0410,Company_410,Starter,Healthcare,Singapore,2023-10-12,691,90,1080,59,0,1,5,15,7,1,Business closed,34.6,MEDIUM
CUST0411,Company_411,Starter,Media,Germany,2022-09-28,395,107,1284,23,4,1,6,13,2,0,,46.6,LOW
CUST0412,Company_412,Free,Education,India,2023-06-02,351,0,0,31,1,0,7,3,3,0,,20.8,MEDIUM
CUST0413,Company_413,Starter,Media,Canada,2023-05-16,36,136,1632,40,4,1,4,14,7,1,Poor support,54.1,MEDIUM
CUST0414,Company_414,Professional,Retail,Australia,2022-09-15,513,323,3876,40,4,2,8,8,10,0,,62.4,MEDIUM
CUST0415,Company_415,Enterprise,Healthcare,Canada,2022-02-22,878,982,11784,4,1,0,10,28,15,0,,8.8,LOW
CUST0416,Company_416,Professional,Healthcare,Australia,2022-04-05,339,332,3984,49,0,0,9,8,8,0,,21.8,MEDIUM
CUST0417,Company_417,Free,Manufacturing,UK,2023-10-12,193,0,0,88,1,0,6,2,4,1,Other,46.1,HIGH
CUST0418,Company_418,Starter,Healthcare,Canada,2023-03-10,506,85,1020,67,4,1,4,4,4,1,Switched to competitor,66.1,HIGH
CUST0419,Company_419,Free,Healthcare,USA,2022-10-11,224,0,0,71,0,0,7,4,4,0,,31.6,HIGH
CUST0420,Company_420,Enterprise,Manufacturing,Australia,2022-02-15,370,1029,12348,1,3,0,8,17,6,0,,21.4,LOW
CUST0421,Company_421,Professional,Healthcare,Australia,2022-01-04,823,343,4116,48,3,1,7,5,9,0,,50.7,MEDIUM
CUST0422,Company_422,Starter,Manufacturing,Singapore,2022-12-08,271,126,1512,43,2,1,7,15,7,0,,41.4,MEDIUM
CUST0423,Company_423,Free,Media,Australia,2022-05-14,355,0,0,107,0,0,4,1,3,1,Poor support,47.6,HIGH
CUST0424,Company_424,Professional,Education,Germany,2023-10-15,293,309,3708,48,3,1,7,18,5,1,Price too high,50.7,MEDIUM
CUST0425,Company_425,Starter,Finance,Canada,2022-09-26,617,128,1536,29,3,0,7,13,5,1,Business closed,33.9,LOW
CUST0426,Company_426,Professional,Education,Germany,2022-06-15,725,289,3468,49,4,1,5,21,6,0,,58.1,MEDIUM
CUST0427,Company_427,Free,Finance,Canada,2023-03-29,289,0,0,28,1,0,8,4,4,0,,19.4,LOW
CUST0428,Company_428,Free,SaaS,Singapore,2023-07-19,576,0,0,37,2,0,7,0,2,0,,30.4,MEDIUM
CUST0429,Company_429,Free,Media,USA,2023-12-24,17,0,0,44,0,0,3,1,1,1,Business closed,19.6,MEDIUM
CUST0430,Company_430,Starter,Manufacturing,UK,2023-03-14,536,126,1512,63,0,1,9,5,4,0,,36.3,HIGH
CUST0431,Company_431,Starter,Retail,USA,2023-07-29,202,107,1284,52,3,1,9,3,7,0,,52.4,MEDIUM
CUST0432,Company_432,Professional,Education,India,2022-01-10,94,282,3384,2,1,1,8,24,11,0,,16.2,LOW
CUST0433,Company_433,Starter,Manufacturing,Germany,2022-04-25,254,119,1428,27,3,1,6,4,4,0,,41.3,LOW
CUST0434,Company_434,Starter,Retail,Canada,2022-03-19,744,91,1092,16,2,0,7,2,3,1,Other,21.1,LOW
CUST0435,Company_435,Free,Retail,Canada,2023-12-09,423,0,0,93,0,0,4,5,2,1,Business closed,41.3,HIGH
CUST0436,Company_436,Starter,Finance,USA,2022-06-02,507,121,1452,31,2,1,8,2,7,0,,36.1,MEDIUM
CUST0437,Company_437,Starter,Finance,Australia,2023-07-13,575,97,1164,6,3,0,9,4,6,1,Other,23.7,LOW
CUST0438,Company_438,Professional,SaaS,UK,2022-02-06,783,296,3552,1,1,1,9,14,8,0,,15.8,LOW
CUST0439,Company_439,Free,Education,India,2023-01-14,253,0,0,74,1,0,5,3,3,0,,39.9,HIGH
CUST0440,Company_440,Professional,SaaS,UK,2023-08-20,714,283,3396,14,3,1,10,21,10,0,,35.6,LOW
CUST0441,Company_441,Professional,Media,Canada,2023-07-20,494,315,3780,38,0,0,9,16,12,1,Business closed,16.9,MEDIUM
CUST0442,Company_442,Starter,Retail,USA,2022-06-01,668,139,1668,41,2,0,7,3,4,0,,32.2,MEDIUM
CUST0443,Company_443,Professional,SaaS,Australia,2023-03-17,735,296,3552,18,5,1,7,13,8,0,,51.3,LOW
CUST0444,Company_444,Starter,SaaS,Australia,2022-05-11,509,139,1668,29,1,0,4,14,6,0,,19.9,LOW
CUST0445,Company_445,Professional,Retail,USA,2022-02-12,465,336,4032,26,5,1,10,9,4,0,,54.9,LOW
CUST0446,Company_446,Starter,SaaS,India,2022-11-12,818,79,948,68,2,1,7,8,5,1,Other,52.6,HIGH
CUST0447,Company_447,Professional,Education,UK,2023-01-09,24,289,3468,48,0,2,10,23,7,0,,38.0,MEDIUM
CUST0448,Company_448,Starter,Finance,Germany,2022-02-10,102,81,972,48,1,1,9,7,6,0,,36.7,MEDIUM
CUST0449,Company_449,Professional,Healthcare,Canada,2023-01-02,308,311,3732,20,1,2,9,10,8,0,,32.6,LOW
CUST0450,Company_450,Free,Education,India,2022-08-04,233,0,0,32,1,0,4,5,3,0,,21.2,MEDIUM
CUST0451,Company_451,Free,Education,UK,2023-11-30,421,0,0,112,2,0,4,5,3,1,Switched to competitor,63.8,HIGH
CUST0452,Company_452,Free,SaaS,UK,2022-09-13,715,0,0,103,0,0,4,2,2,0,,45.8,HIGH
CUST0453,Company_453,Enterprise,Retail,Germany,2023-11-14,256,1006,12072,23,2,0,9,20,11,0,,24.2,LOW
CUST0454,Company_454,Professional,Manufacturing,Singapore,2022-04-16,320,298,3576,17,4,1,8,8,11,0,,43.9,LOW
CUST0455,Company_455,Starter,SaaS,Canada,2022-12-29,686,149,1788,11,4,0,7,5,6,0,,32.9,LOW
CUST0456,Company_456,Free,Media,USA,2023-07-28,602,0,0,35,2,0,6,4,3,1,Price too high,29.6,MEDIUM
CUST0457,Company_457,Free,Education,Canada,2023-02-21,384,0,0,72,0,0,4,1,2,0,,32.0,HIGH
CUST0458,Company_458,Starter,Media,Singapore,2023-09-28,491,146,1752,48,3,1,5,7,7,0,,50.7,MEDIUM
CUST0459,Company_459,Professional,Manufacturing,Germany,2022-06-08,573,333,3996,12,0,1,7,25,6,0,,13.7,LOW
CUST0460,Company_460,Starter,Healthcare,Germany,2022-08-31,550,93,1116,45,0,0,7,6,3,1,Price too high,20.0,MEDIUM
CUST0461,Company_461,Free,Education,India,2022-06-16,359,0,0,117,0,0,7,1,4,1,Switched to competitor,52.0,HIGH
CUST0462,Company_462,Free,Finance,India,2022-07-01,442,0,0,120,0,0,4,4,4,0,,53.3,HIGH
CUST0463,Company_463,Enterprise,Manufacturing,USA,2023-02-27,770,1015,12180,20,3,0,9,23,13,0,,29.9,LOW
CUST0464,Company_464,Starter,Media,Germany,2022-01-26,570,109,1308,54,0,0,8,5,7,0,,24.0,MEDIUM
CUST0465,Company_465,Professional,Manufacturing,Singapore,2022-07-03,345,317,3804,24,0,1,9,11,4,0,,19.0,LOW
CUST0466,Company_466,Starter,Manufacturing,Singapore,2022-12-07,367,94,1128,5,1,0,9,7,4,0,,9.2,LOW
CUST0467,Company_467,Professional,SaaS,Germany,2023-02-26,726,285,3420,9,0,1,9,23,8,0,,12.3,LOW
CUST0468,Company_468,Enterprise,Education,Canada,2023-11-17,471,1009,12108,5,0,0,6,19,10,0,,2.2,LOW
CUST0469,Company_469,Starter,Healthcare,Singapore,2022-09-12,284,132,1584,63,4,1,7,12,3,1,Missing features,64.3,HIGH
CUST0470,Company_470,Enterprise,Manufacturing,India,2022-10-01,320,1037,12444,10,3,0,8,16,8,0,,25.4,LOW
CUST0471,Company_471,Free,Manufacturing,Germany,2022-06-13,264,0,0,71,0,0,4,1,2,0,,31.6,HIGH
CUST0472,Company_472,Free,SaaS,Germany,2023-12-20,243,0,0,47,2,0,3,4,2,1,Switched to competitor,34.9,MEDIUM
CUST0473,Company_473,Free,Retail,Australia,2022-04-21,130,0,0,35,1,0,8,5,1,0,,22.6,MEDIUM
CUST0474,Company_474,Free,Healthcare,Germany,2023-01-27,745,0,0,68,2,0,5,4,1,0,,44.2,HIGH
CUST0475,Company_475,Starter,SaaS,India,2022-02-09,204,87,1044,11,0,0,4,13,2,0,,4.9,LOW
CUST0476,Company_476,Free,Retail,Australia,2023-04-27,330,0,0,73,1,0,6,0,3,1,Business closed,39.4,HIGH
CUST0477,Company_477,Starter,Finance,UK,2022-08-16,129,93,1116,65,1,0,9,12,7,0,,35.9,HIGH
CUST0478,Company_478,Professional,Retail,Singapore,2022-07-24,767,342,4104,1,2,1,10,8,12,0,,22.8,LOW
CUST0479,Company_479,Starter,Education,Canada,2023-04-17,555,147,1764,39,4,0,7,15,2,0,,45.3,MEDIUM
CUST0480,Company_480,Starter,Healthcare,India,2022-12-25,787,81,972,70,4,0,6,3,2,0,,59.1,HIGH
CUST0481,Company_481,Free,Media,USA,2022-11-09,713,0,0,83,0,0,7,1,3,1,Switched to competitor,36.9,HIGH
CUST0482,Company_482,Free,Healthcare,Canada,2022-08-22,196,0,0,86,0,0,5,5,4,0,,38.2,HIGH
CUST0483,Company_483,Free,Healthcare,UK,2022-08-17,203,0,0,57,0,0,3,4,4,0,,25.3,MEDIUM
CUST0484,Company_484,Starter,Manufacturing,UK,2022-01-25,228,144,1728,31,3,1,5,2,2,0,,43.1,MEDIUM
CUST0485,Company_485,Starter,Manufacturing,Germany,2023-11-07,763,109,1308,16,0,1,5,3,6,0,,15.4,LOW
CUST0486,Company_486,Professional,Education,USA,2022-07-17,502,297,3564,5,5,2,5,13,7,0,,53.9,LOW
CUST0487,Company_487,Starter,Education,Australia,2023-02-13,290,116,1392,63,2,1,7,2,2,1,Switched to competitor,50.3,HIGH
CUST0488,Company_488,Professional,Education,USA,2022-12-03,748,333,3996,12,0,1,7,15,10,0,,13.7,LOW
CUST0489,Company_489,Starter,Finance,India,2022-10-13,610,79,948,19,0,0,4,15,3,0,,8.4,LOW
CUST0490,Company_490,Starter,SaaS,Canada,2022-03-13,785,124,1488,26,2,1,7,11,4,0,,33.9,LOW
CUST0491,Company_491,Professional,Manufacturing,UK,2022-10-13,544,309,3708,47,0,1,7,10,5,0,,29.2,MEDIUM
CUST0492,Company_492,Professional,Healthcare,Singapore,2022-12-26,618,332,3984,26,3,1,7,17,11,0,,40.9,LOW
CUST0493,Company_493,Free,Healthcare,Australia,2023-10-19,296,0,0,73,2,0,4,0,2,1,Poor support,46.4,HIGH
CUST0494,Company_494,Free,Education,USA,2023-06-06,109,0,0,109,2,0,3,1,1,0,,62.4,HIGH
CUST0495,Company_495,Professional,Healthcare,India,2023-02-14,859,302,3624,27,4,1,9,19,6,1,Price too high,48.3,LOW
CUST0496,Company_496,Enterprise,Education,Singapore,2023-11-27,205,989,11868,19,3,0,8,29,6,0,,29.4,LOW
CUST0497,Company_497,Starter,Media,UK,2023-07-04,310,146,1752,21,3,1,4,8,5,0,,38.7,LOW
CUST0498,Company_498,Free,Media,Canada,2022-12-06,239,0,0,25,0,0,5,5,3,0,,11.1,LOW
CUST0499,Company_499,Free,Healthcare,UK,2022-01-29,376,0,0,21,2,0,8,4,2,1,Missing features,23.3,LOW
CUST0500,Company_500,Professional,Media,Germany,2022-04-29,190,325,3900,43,2,2,9,24,5,1,Price too high,49.8,MEDIUM
